<?xml version="1.0" encoding="UTF-8" ?>
<!DOCTYPE log4j:configuration SYSTEM "log4j.dtd">

<log4j:configuration debug="false"
	xmlns:log4j='http://jakarta.apache.org/log4j/'>

	<appender name="consoleAppender" class="org.apache.log4j.ConsoleAppender">
		<layout class="org.apache.log4j.PatternLayout">
			<param name="ConversionPattern" value="%d{dd MMM yyyy HH:mm:ss:SSS} %5p test %c{1} - %m%n" />
		</layout>
	</appender>

	<root>
		<level value="DEBUG" />
		<appender-ref ref="consoleAppender" />
	</root>
	


</log4j:configuration>